{"cameraMode":{"drawMode":0,"name":"Shaded","section":"Shading Mode"},"sceneLighting":false,"audioPlay":false,"sceneViewState":{"showFog":true,"showMaterialUpdate":false,"showSkybox":true,"showFlares":true,"showImageEffects":true,"showParticleSystems":true},"in2DMode":false,"pivot":{"x":0.6663534641265869,"y":0.2847605347633362,"z":-5.9600090980529789},"rotation":{"x":0.14461903274059297,"y":-0.31182998418807986,"z":0.04808573052287102,"w":0.9378352761268616},"size":4.657884120941162,"orthographic":false}